query,clicks,impressions,ctr,position
票期,2,19,0.1053,4.68
支票貼現,1,160,0.0063,10.38
票貼詐騙,1,76,0.0132,5.38
票貼風險,1,37,0.0270,6.3
空白支票,1,14,0.0714,3.71
支票存入不同銀行手續費,1,3,0.3333,9.0
客票,1,1,1.0000,16.0
跳票怎麼辦,0,60,0.0000,38.63
支票跳票,0,48,0.0000,46.85
支票融資,0,41,0.0000,10.95
即期票是什麼,0,40,0.0000,5.1
兌現,0,37,0.0000,8.65
禁背支票是什麼,0,31,0.0000,8.35
跳票,0,28,0.0000,41.43
企業融資,0,25,0.0000,35.04
支票貸款,0,21,0.0000,13.86
申請支票要多久,0,19,0.0000,5.79
支票貼現是什麼,0,19,0.0000,12.84
票貼行情,0,18,0.0000,5.11
支票兌現詐騙,0,18,0.0000,5.61
客票貼現,0,18,0.0000,8.22
支票背書意思,0,17,0.0000,8.82
貼現是什麼,0,17,0.0000,15.0
票據種類,0,15,0.0000,7.27
發票保理,0,14,0.0000,16.21
企業融資是什麼,0,13,0.0000,7.77
支票兌現不同銀行手續費,0,13,0.0000,9.77
支票換現金,0,13,0.0000,16.31
票貼,0,13,0.0000,32.23
銀行支票貼現,0,12,0.0000,9.83
公司支票兌現,0,10,0.0000,4.0
票貼好做嗎,0,10,0.0000,12.9
公司支票怎麼開,0,9,0.0000,7.56
空頭支票意思,0,9,0.0000,8.0
背書是什麼,0,9,0.0000,10.89
貼票是什麼,0,9,0.0000,16.22
支票票貼,0,9,0.0000,18.22
支票票期意思,0,8,0.0000,6.62
公司支票,0,8,0.0000,8.88
支票借款是什麼,0,8,0.0000,23.12
客票融資,0,8,0.0000,29.38
企業融資意思,0,7,0.0000,6.71
收空頭支票可以報警嗎,0,7,0.0000,7.14
票貼換現金,0,7,0.0000,31.29
公司票貼,0,7,0.0000,73.43
即期現金票,0,6,0.0000,7.5
替人背書,0,6,0.0000,7.83
空投支票,0,6,0.0000,8.5
發票融資,0,6,0.0000,44.33
兌現的意思,0,5,0.0000,4.4
兑現,0,5,0.0000,6.8
兌現 意思,0,5,0.0000,7.0
匯票 本票 支票 差異,0,5,0.0000,9.4
匯票本票支票差異,0,5,0.0000,10.0
禁止背書轉讓,0,5,0.0000,34.8
即期票兌現,0,4,0.0000,4.0
即期支票是什麼,0,4,0.0000,4.5
公司跳票怎麼辦,0,4,0.0000,5.5
兑現 意思,0,4,0.0000,7.5
外埠代收,0,4,0.0000,7.5
期票是什麼,0,4,0.0000,8.5
貼現公式,0,4,0.0000,8.75
公司融資意思,0,4,0.0000,10.0
空頭支票犯法嗎,0,4,0.0000,10.25
支票禁背,0,4,0.0000,12.25
匯票是什麼,0,4,0.0000,13.25
發票融資 意思,0,4,0.0000,18.25
票貼是什麼,0,4,0.0000,22.5
票換現金,0,4,0.0000,24.25
支票借款,0,4,0.0000,25.5
支票兌現不同銀行,0,4,0.0000,25.75
融資方案,0,4,0.0000,30.75
公司融資,0,4,0.0000,37.75
商業融資方案,0,4,0.0000,59.0
支客票貼現,0,4,0.0000,60.75
公司申請支票,0,3,0.0000,1.0
個人票,0,3,0.0000,5.67
支票代收手續費,0,3,0.0000,6.67
民間票貼,0,3,0.0000,8.0
公司支票申請條件,0,3,0.0000,8.67
開空頭支票 法律,0,3,0.0000,9.0
支票期限怎麼看,0,3,0.0000,10.0
即期票,0,3,0.0000,11.0
本票是支票嗎,0,3,0.0000,12.0
企業貸款申請流程,0,3,0.0000,26.33
個人支票用途,0,3,0.0000,27.0
貼現意思,0,3,0.0000,34.33
支票 本票 差別,0,2,0.0000,1.0
本票與支票差別,0,2,0.0000,1.0
貼現率怎麼算,0,2,0.0000,1.0
貼現計算,0,2,0.0000,1.0
票期是什麼,0,2,0.0000,1.5
支票 票期,0,2,0.0000,4.5
台支本票,0,2,0.0000,5.5
本票跟支票差異,0,2,0.0000,6.0
本票 支票 差別,0,2,0.0000,6.5
貼現的意思,0,2,0.0000,6.5
承兌匯票是什麼,0,2,0.0000,7.0
空頭支票 意思,0,2,0.0000,8.0
支票兑現時間,0,2,0.0000,9.0
票據貼現意思,0,2,0.0000,9.5
即期支票意思,0,2,0.0000,10.0
企業貸款準備資料,0,2,0.0000,11.0
兌現意思,0,2,0.0000,11.0
公司如何申請支票,0,2,0.0000,11.0
軋支票要帶什麼,0,2,0.0000,11.0
支票兌現流程,0,2,0.0000,11.5
禁背是什麼,0,2,0.0000,12.0
商業本票是什麼,0,2,0.0000,12.5
背書 意思,0,2,0.0000,13.0
禁背,0,2,0.0000,19.0
支票貼現ptt,0,2,0.0000,19.5
支票背書,0,2,0.0000,25.5
貼票,0,2,0.0000,25.5
支票兌現工作天,0,2,0.0000,30.5
企業 融資,0,2,0.0000,32.5
貿易融資,0,2,0.0000,36.5
事業資金融資,0,2,0.0000,44.5
中小企業融資,0,2,0.0000,46.0
營運資金需求,0,2,0.0000,46.5
支票借款推薦,0,2,0.0000,60.5
支票蓋禁止背書轉讓,0,1,0.0000,1.0
支票跟本票的差別,0,1,0.0000,1.0
本票 支票 差異,0,1,0.0000,1.0
本票支票差別,0,1,0.0000,1.0
禁止背書轉讓印章,0,1,0.0000,1.0
要帶什麼,0,1,0.0000,2.0
公司貸款條件,0,1,0.0000,3.0
即期票據,0,1,0.0000,3.0
國泰世華支票申請條件,0,1,0.0000,3.0
支票兑换,0,1,0.0000,3.0
本支是什麼,0,1,0.0000,3.0
現金票 即期票,0,1,0.0000,3.0
貼現,0,1,0.0000,3.0
如何申請支票,0,1,0.0000,4.0
支票背後怎麼寫,0,1,0.0000,4.0
票貼利息ptt,0,1,0.0000,4.0
華南銀行支票申請條件,0,1,0.0000,4.0
銀行承兌匯票,0,1,0.0000,4.0
銀行本票 本行支票,0,1,0.0000,4.0
cash letter collection letter 差異,0,1,0.0000,5.0
空白支票意思,0,1,0.0000,5.0
支票票期,0,1,0.0000,6.0
支票託收背面,0,1,0.0000,6.0
會有手續費嗎,0,1,0.0000,6.0
本票商業本票差異,0,1,0.0000,6.0
跨行支票,0,1,0.0000,6.0
公司支票怎麼領,0,1,0.0000,7.0
客票支票,0,1,0.0000,7.0
公司票,0,1,0.0000,8.0
即 現金,0,1,0.0000,8.0
遠期支票是什麼,0,1,0.0000,8.0
保付支票是什麼,0,1,0.0000,9.0
即期票是幾天,0,1,0.0000,9.0
支票轉帳時間,0,1,0.0000,9.0
遠期支票兌現,0,1,0.0000,9.0
100萬支票,0,1,0.0000,10.0
票期意思,0,1,0.0000,10.0
公司 支票,0,1,0.0000,11.0
支票 禁止背書轉讓,0,1,0.0000,11.0
支票和本票的差別,0,1,0.0000,11.0
支票背面怎麼寫,0,1,0.0000,11.0
期票 意思,0,1,0.0000,11.0
本票 支票 分別,0,1,0.0000,11.0
什麼是期票,0,1,0.0000,12.0
幫人背書意思,0,1,0.0000,12.0
支票 禁背,0,1,0.0000,12.0
本票 vs 支票,0,1,0.0000,12.0
本票種類,0,1,0.0000,12.0
金璽融資,0,1,0.0000,15.0
商業本票怎麼寫,0,1,0.0000,16.0
支票貼現利息,0,1,0.0000,16.0
支票貼現銀行,0,1,0.0000,19.0
跳票意思,0,1,0.0000,19.0
什麼是票貼,0,1,0.0000,20.0
公司支票背面怎麼寫,0,1,0.0000,20.0
公司票跳票,0,1,0.0000,20.0
支票到期日意思,0,1,0.0000,20.0
支票背書轉讓怎麼寫,0,1,0.0000,21.0
客票是什麼,0,1,0.0000,22.0
桃園市支票貼現,0,1,0.0000,22.0
支票種類,0,1,0.0000,23.0
支票借款銀行,0,1,0.0000,24.0
遠期支票,0,1,0.0000,28.0
跳票紀錄,0,1,0.0000,29.0
即期支票,0,1,0.0000,30.0
民間融資,0,1,0.0000,43.0
發票 融資,0,1,0.0000,44.0
企業貸款流程,0,1,0.0000,46.0
支票兌現,0,1,0.0000,46.0
跳票處理,0,1,0.0000,46.0
客票換現金,0,1,0.0000,47.0
票貼週轉,0,1,0.0000,49.0
支票日期,0,1,0.0000,50.0
跳票會怎樣,0,1,0.0000,51.0
應收帳款融資,0,1,0.0000,52.0
支票 借款,0,1,0.0000,52.0
背書轉讓,0,1,0.0000,53.0
本票裁定會影響信用嗎,0,1,0.0000,63.0
支票禁止背書轉讓範例,0,1,0.0000,65.0
公司本票,0,1,0.0000,66.0
支票兌現要帶什麼,0,1,0.0000,68.0
本 票,0,1,0.0000,76.0
本票執行,0,1,0.0000,107.0
