年月,行業別,張數,張數百分比(佔公司戶),金額,金額百分比(佔公司戶)
11207,Ａ：農、林、漁、牧業,39115,1.36,8873446222,1.03
11207,Ｂ：礦業及土石採取業,23338,0.81,5607483866,0.65
11207,Ｃ：製造業,1036241,36.12,169270985653,19.62
11207,Ｄ：電力及燃氣供應業,21454,0.75,18616690704,2.16
11207,Ｅ：用水供應及污染整治業,15847,0.55,7202797929,0.83
11207,Ｆ：營建工程業,389267,13.57,83523735454,9.68
11207,Ｇ：批發及零售業,465780,16.23,87478024035,10.14
11207,Ｈ：運輸及倉儲業,176231,6.14,21582820804,2.50
11207,Ｉ：住宿及餐飲業,29339,1.02,2582969398,0.30
11207,Ｊ：出版影音及資通訊業,26581,0.93,3976237457,0.46
11207,Ｋ：金融及保險業,95993,3.35,313715391283,36.36
11207,Ｌ：不動產業,75412,2.63,26350847174,3.05
11207,Ｍ：專業、科學及技術服務業,200066,6.97,29952692502,3.47
11207,Ｎ：支援服務業,75853,2.64,13348555390,1.55
11207,Ｏ：公共行政及國防；強制性社會安全,193,0.01,10013643,0.00
11207,Ｐ：教育業,439,0.02,48181016,0.01
11207,Ｑ：醫療保健及社會工作服務業,61,0.00,2989952,0.00
11207,Ｒ：藝術、娛樂及休閒服務業,5553,0.19,596985645,0.07
11207,Ｓ：其他服務業,17710,0.62,1820019042,0.21
11207,Ｘ：不能歸類之行業,174535,6.09,68146209915,7.91
11208,Ａ：農、林、漁、牧業,46300,1.42,10739071033,1.19
11208,Ｂ：礦業及土石採取業,25320,0.78,6656501190,0.74
11208,Ｃ：製造業,1154400,35.40,191213224991,21.25
11208,Ｄ：電力及燃氣供應業,26838,0.82,18662725317,2.07
11208,Ｅ：用水供應及污染整治業,17938,0.55,2015346844,0.22
11208,Ｆ：營建工程業,433888,13.30,88976016651,9.89
11208,Ｇ：批發及零售業,517828,15.88,90035962812,10.01
11208,Ｈ：運輸及倉儲業,197683,6.06,13983931302,1.55
11208,Ｉ：住宿及餐飲業,34273,1.05,3111969502,0.35
11208,Ｊ：出版影音及資通訊業,30945,0.95,3981957589,0.44
11208,Ｋ：金融及保險業,150861,4.63,319844431881,35.54
11208,Ｌ：不動產業,82321,2.52,27215703065,3.02
11208,Ｍ：專業、科學及技術服務業,222193,6.81,32598502379,3.62
11208,Ｎ：支援服務業,83839,2.57,12611847132,1.40
11208,Ｏ：公共行政及國防；強制性社會安全,227,0.01,13614855,0.00
11208,Ｐ：教育業,476,0.01,54955493,0.01
11208,Ｑ：醫療保健及社會工作服務業,59,0.00,2820102,0.00
11208,Ｒ：藝術、娛樂及休閒服務業,5760,0.18,676184122,0.08
11208,Ｓ：其他服務業,20178,0.62,2198442405,0.24
11208,Ｘ：不能歸類之行業,209932,6.44,75284672427,8.38
11209,Ａ：農、林、漁、牧業,30405,1.28,7335025108,0.97
11209,Ｂ：礦業及土石採取業,16734,0.71,4752686562,0.63
11209,Ｃ：製造業,817211,34.50,136419285520,18.13
11209,Ｄ：電力及燃氣供應業,21322,0.90,17119667015,2.27
11209,Ｅ：用水供應及污染整治業,11966,0.51,1243107859,0.17
11209,Ｆ：營建工程業,304390,12.85,67461871620,8.96
11209,Ｇ：批發及零售業,359883,15.19,71417479790,9.49
11209,Ｈ：運輸及倉儲業,159552,6.74,13044618065,1.73
11209,Ｉ：住宿及餐飲業,22713,0.96,2177549359,0.29
11209,Ｊ：出版影音及資通訊業,23611,1.00,3492368045,0.46
11209,Ｋ：金融及保險業,126807,5.35,301941143378,40.12
11209,Ｌ：不動產業,66714,2.82,22505123372,2.99
11209,Ｍ：專業、科學及技術服務業,155712,6.57,22404823840,2.98
11209,Ｎ：支援服務業,66017,2.79,10369977981,1.38
11209,Ｏ：公共行政及國防；強制性社會安全,150,0.01,9335034,0.00
11209,Ｐ：教育業,342,0.01,34500437,0.00
11209,Ｑ：醫療保健及社會工作服務業,48,0.00,3109269,0.00
11209,Ｒ：藝術、娛樂及休閒服務業,4230,0.18,444332437,0.06
11209,Ｓ：其他服務業,13426,0.57,1567833865,0.21
11209,Ｘ：不能歸類之行業,167442,7.06,68905344787,9.16
11210,Ａ：農、林、漁、牧業,52248,1.43,11787657155,1.31
11210,Ｂ：礦業及土石採取業,28207,0.77,6984113553,0.78
11210,Ｃ：製造業,1356385,37.22,196566468030,21.93
11210,Ｄ：電力及燃氣供應業,31631,0.87,18787148654,2.10
11210,Ｅ：用水供應及污染整治業,20653,0.57,6474285236,0.72
11210,Ｆ：營建工程業,502558,13.79,99943674378,11.15
11210,Ｇ：批發及零售業,604388,16.58,96163219981,10.73
11210,Ｈ：運輸及倉儲業,191036,5.24,14274219262,1.59
11210,Ｉ：住宿及餐飲業,38606,1.06,3412947244,0.38
11210,Ｊ：出版影音及資通訊業,33797,0.93,4928947469,0.55
11210,Ｋ：金融及保險業,109759,3.01,286878725667,32.00
11210,Ｌ：不動產業,85001,2.33,25426193982,2.84
11210,Ｍ：專業、科學及技術服務業,258148,7.08,35993818650,4.01
11210,Ｎ：支援服務業,91449,2.51,14036205974,1.57
11210,Ｏ：公共行政及國防；強制性社會安全,269,0.01,16381677,0.00
11210,Ｐ：教育業,492,0.01,57797481,0.01
11210,Ｑ：醫療保健及社會工作服務業,73,0.00,3625713,0.00
11210,Ｒ：藝術、娛樂及休閒服務業,7630,0.21,935906817,0.10
11210,Ｓ：其他服務業,23434,0.64,2334608114,0.26
11210,Ｘ：不能歸類之行業,208488,5.74,71523649369,7.97
11211,Ａ：農、林、漁、牧業,42711,1.41,9393751931,1.11
11211,Ｂ：礦業及土石採取業,22808,0.75,5946302072,0.70
11211,Ｃ：製造業,1103144,36.38,169408222082,19.95
11211,Ｄ：電力及燃氣供應業,24441,0.81,18251872794,2.15
11211,Ｅ：用水供應及污染整治業,16518,0.54,1779483028,0.21
11211,Ｆ：營建工程業,408272,13.47,83573467515,9.84
11211,Ｇ：批發及零售業,487439,16.08,82599422471,9.73
11211,Ｈ：運輸及倉儲業,187035,6.17,14327901884,1.69
11211,Ｉ：住宿及餐飲業,31283,1.03,2936768747,0.35
11211,Ｊ：出版影音及資通訊業,27411,0.90,4005723436,0.47
11211,Ｋ：金融及保險業,99350,3.28,317098862464,37.34
11211,Ｌ：不動產業,78840,2.60,24443750804,2.88
11211,Ｍ：專業、科學及技術服務業,208962,6.89,28647172611,3.37
11211,Ｎ：支援服務業,80758,2.66,11844113953,1.39
11211,Ｏ：公共行政及國防；強制性社會安全,198,0.01,11766716,0.00
11211,Ｐ：教育業,448,0.01,53990282,0.01
11211,Ｑ：醫療保健及社會工作服務業,61,0.00,2722737,0.00
11211,Ｒ：藝術、娛樂及休閒服務業,8747,0.29,664617221,0.08
11211,Ｓ：其他服務業,18790,0.62,2142419256,0.25
11211,Ｘ：不能歸類之行業,184764,6.10,72174719337,8.48
11212,Ａ：農、林、漁、牧業,32701,1.41,8483360152,1.07
11212,Ｂ：礦業及土石採取業,17915,0.77,5226705154,0.66
11212,Ｃ：製造業,812238,35.04,155318895695,19.52
11212,Ｄ：電力及燃氣供應業,19588,0.85,15949183725,2.00
11212,Ｅ：用水供應及污染整治業,11889,0.51,4451156038,0.56
11212,Ｆ：營建工程業,307698,13.27,72009010823,9.05
11212,Ｇ：批發及零售業,354935,15.31,75663228794,9.51
11212,Ｈ：運輸及倉儲業,159112,6.86,12243127223,1.54
11212,Ｉ：住宿及餐飲業,22739,0.98,2279147166,0.29
11212,Ｊ：出版影音及資通訊業,20768,0.90,3330784403,0.42
11212,Ｋ：金融及保險業,91390,3.94,303922571363,38.19
11212,Ｌ：不動產業,71208,3.07,25802977733,3.24
11212,Ｍ：專業、科學及技術服務業,155318,6.70,24579285062,3.09
11212,Ｎ：支援服務業,65260,2.82,9578328537,1.20
11212,Ｏ：公共行政及國防；強制性社會安全,106,0.00,5449572,0.00
11212,Ｐ：教育業,321,0.01,32995950,0.00
11212,Ｑ：醫療保健及社會工作服務業,43,0.00,2920409,0.00
11212,Ｒ：藝術、娛樂及休閒服務業,5750,0.25,532561679,0.07
11212,Ｓ：其他服務業,13739,0.59,1859060887,0.23
11212,Ｘ：不能歸類之行業,155335,6.72,74470855726,9.36
11301,Ａ：農、林、漁、牧業,54399,1.45,12795164862,1.30
11301,Ｂ：礦業及土石採取業,29805,0.80,8030786419,0.82
11301,Ｃ：製造業,1383006,36.98,210765568939,21.43
11301,Ｄ：電力及燃氣供應業,30159,0.81,18156861158,1.85
11301,Ｅ：用水供應及污染整治業,20964,0.56,8972238255,0.91
11301,Ｆ：營建工程業,528065,14.12,110479459599,11.23
11301,Ｇ：批發及零售業,613704,16.41,98274647296,9.99
11301,Ｈ：運輸及倉儲業,205780,5.50,15456581940,1.57
11301,Ｉ：住宿及餐飲業,38972,1.04,3444386887,0.35
11301,Ｊ：出版影音及資通訊業,33122,0.89,4788305196,0.49
11301,Ｋ：金融及保險業,102081,2.73,322704418961,32.81
11301,Ｌ：不動產業,95220,2.55,32242901793,3.28
11301,Ｍ：專業、科學及技術服務業,264367,7.07,38416644377,3.91
11301,Ｎ：支援服務業,99083,2.65,15385489147,1.56
11301,Ｏ：公共行政及國防；強制性社會安全,266,0.01,14521855,0.00
11301,Ｐ：教育業,517,0.01,61691643,0.01
11301,Ｑ：醫療保健及社會工作服務業,66,0.00,2967303,0.00
11301,Ｒ：藝術、娛樂及休閒服務業,7244,0.19,817873422,0.08
11301,Ｓ：其他服務業,24174,0.65,2602315142,0.26
11301,Ｘ：不能歸類之行業,209046,5.58,80227039912,8.15
11302,Ａ：農、林、漁、牧業,38293,1.45,8591396928,1.22
11302,Ｂ：礦業及土石採取業,21366,0.81,5954314268,0.84
11302,Ｃ：製造業,998845,37.78,149145124713,21.14
11302,Ｄ：電力及燃氣供應業,21055,0.80,14415091882,2.04
11302,Ｅ：用水供應及污染整治業,14565,0.55,1600402317,0.23
11302,Ｆ：營建工程業,369029,13.96,77764926799,11.02
11302,Ｇ：批發及零售業,432569,16.36,73278071341,10.39
11302,Ｈ：運輸及倉儲業,140452,5.31,11325622957,1.61
11302,Ｉ：住宿及餐飲業,26716,1.01,2611453900,0.37
11302,Ｊ：出版影音及資通訊業,23723,0.90,3580778205,0.51
11302,Ｋ：金融及保險業,67315,2.55,233367544263,33.08
11302,Ｌ：不動產業,70724,2.68,23649892867,3.35
11302,Ｍ：專業、科學及技術服務業,186589,7.06,26096687118,3.70
11302,Ｎ：支援服務業,66515,2.52,10771980729,1.53
11302,Ｏ：公共行政及國防；強制性社會安全,170,0.01,7487187,0.00
11302,Ｐ：教育業,339,0.01,42552006,0.01
11302,Ｑ：醫療保健及社會工作服務業,45,0.00,2165065,0.00
11302,Ｒ：藝術、娛樂及休閒服務業,5184,0.20,574158399,0.08
11302,Ｓ：其他服務業,17004,0.64,2001653397,0.28
11302,Ｘ：不能歸類之行業,143241,5.40,60598401567,8.60
11303,Ａ：農、林、漁、牧業,33623,1.44,9169368055,1.18
11303,Ｂ：礦業及土石採取業,17746,0.76,5083119198,0.65
11303,Ｃ：製造業,847119,36.18,147449563536,18.92
11303,Ｄ：電力及燃氣供應業,18907,0.81,14330230753,1.84
11303,Ｅ：用水供應及污染整治業,12193,0.52,1345853421,0.17
11303,Ｆ：營建工程業,303163,12.95,68371782134,8.77
11303,Ｇ：批發及零售業,371620,15.87,71799975381,9.21
11303,Ｈ：運輸及倉儲業,164963,7.05,12061077651,1.55
11303,Ｉ：住宿及餐飲業,24056,1.03,2440984948,0.31
11303,Ｊ：出版影音及資通訊業,20932,0.89,3362809815,0.43
11303,Ｋ：金融及保險業,75945,3.24,307450912126,39.46
11303,Ｌ：不動產業,66973,2.86,22615814316,2.90
11303,Ｍ：專業、科學及技術服務業,158147,6.76,23935066651,3.07
11303,Ｎ：支援服務業,70670,3.02,11487037741,1.47
11303,Ｏ：公共行政及國防；強制性社會安全,90,0.00,4900081,0.00
11303,Ｐ：教育業,286,0.01,39042132,0.01
11303,Ｑ：醫療保健及社會工作服務業,43,0.00,2319169,0.00
11303,Ｒ：藝術、娛樂及休閒服務業,4911,0.21,533628199,0.07
11303,Ｓ：其他服務業,14157,0.60,1676962192,0.22
11303,Ｘ：不能歸類之行業,135538,5.80,76083395413,9.77
11304,Ａ：農、林、漁、牧業,49089,1.48,11052331426,1.24
11304,Ｂ：礦業及土石採取業,26198,0.79,7167748727,0.81
11304,Ｃ：製造業,1257465,37.98,188468175382,21.22
11304,Ｄ：電力及燃氣供應業,25909,0.78,16273925295,1.83
11304,Ｅ：用水供應及污染整治業,18479,0.56,8680225123,0.98
11304,Ｆ：營建工程業,451653,13.64,92024235303,10.36
11304,Ｇ：批發及零售業,548524,16.57,93844907628,10.56
11304,Ｈ：運輸及倉儲業,186842,5.64,14408758661,1.62
11304,Ｉ：住宿及餐飲業,34830,1.05,3100103694,0.35
11304,Ｊ：出版影音及資通訊業,28947,0.87,4348639759,0.49
11304,Ｋ：金融及保險業,75363,2.28,295478755374,33.26
11304,Ｌ：不動產業,80703,2.44,29136241283,3.28
11304,Ｍ：專業、科學及技術服務業,237704,7.18,34035231611,3.83
11304,Ｎ：支援服務業,89302,2.70,14390535483,1.62
11304,Ｏ：公共行政及國防；強制性社會安全,262,0.01,12091817,0.00
11304,Ｐ：教育業,444,0.01,83021617,0.01
11304,Ｑ：醫療保健及社會工作服務業,63,0.00,3698468,0.00
11304,Ｒ：藝術、娛樂及休閒服務業,6130,0.19,732610471,0.08
11304,Ｓ：其他服務業,22274,0.67,2159952471,0.24
11304,Ｘ：不能歸類之行業,170735,5.16,72945893326,8.22
11305,Ａ：農、林、漁、牧業,43848,1.48,10258119793,1.17
11305,Ｂ：礦業及土石採取業,23116,0.78,6485256306,0.74
11305,Ｃ：製造業,1075846,36.43,167703650743,19.18
11305,Ｄ：電力及燃氣供應業,23688,0.80,17932555475,2.05
11305,Ｅ：用水供應及污染整治業,16131,0.55,1761424059,0.20
11305,Ｆ：營建工程業,398390,13.49,86559485067,9.90
11305,Ｇ：批發及零售業,475944,16.12,86212541746,9.86
11305,Ｈ：運輸及倉儲業,190655,6.46,14094588463,1.61
11305,Ｉ：住宿及餐飲業,30138,1.02,2625149349,0.30
11305,Ｊ：出版影音及資通訊業,25799,0.87,3725574576,0.43
11305,Ｋ：金融及保險業,86142,2.92,328829016514,37.60
11305,Ｌ：不動產業,80313,2.72,28176176293,3.22
11305,Ｍ：專業、科學及技術服務業,203938,6.91,28916906884,3.31
11305,Ｎ：支援服務業,84564,2.86,13684638641,1.56
11305,Ｏ：公共行政及國防；強制性社會安全,217,0.01,11750398,0.00
11305,Ｐ：教育業,442,0.01,62716729,0.01
11305,Ｑ：醫療保健及社會工作服務業,58,0.00,3370159,0.00
11305,Ｒ：藝術、娛樂及休閒服務業,5556,0.19,668037196,0.08
11305,Ｓ：其他服務業,18536,0.63,2101417589,0.24
11305,Ｘ：不能歸類之行業,169919,5.75,74737835290,8.54
11306,Ａ：農、林、漁、牧業,29857,1.42,7272419632,0.99
11306,Ｂ：礦業及土石採取業,16554,0.79,4925120197,0.67
11306,Ｃ：製造業,743365,35.28,140546765576,19.05
11306,Ｄ：電力及燃氣供應業,17145,0.81,17058955354,2.31
11306,Ｅ：用水供應及污染整治業,10803,0.51,1292788925,0.18
11306,Ｆ：營建工程業,280473,13.31,66975053796,9.08
11306,Ｇ：批發及零售業,323743,15.36,71880991724,9.74
11306,Ｈ：運輸及倉儲業,156043,7.40,14384119292,1.95
11306,Ｉ：住宿及餐飲業,19767,0.94,2199681742,0.30
11306,Ｊ：出版影音及資通訊業,18206,0.86,3131376099,0.42
11306,Ｋ：金融及保險業,69741,3.31,278662996083,37.78
11306,Ｌ：不動產業,65128,3.09,24959126031,3.38
11306,Ｍ：專業、科學及技術服務業,142203,6.75,20718793301,2.81
11306,Ｎ：支援服務業,65748,3.12,10563495957,1.43
11306,Ｏ：公共行政及國防；強制性社會安全,117,0.01,6200686,0.00
11306,Ｐ：教育業,319,0.02,30618806,0.00
11306,Ｑ：醫療保健及社會工作服務業,36,0.00,1866730,0.00
11306,Ｒ：藝術、娛樂及休閒服務業,4071,0.19,491700187,0.07
11306,Ｓ：其他服務業,12653,0.60,1566583936,0.21
11306,Ｘ：不能歸類之行業,131307,6.23,70982553563,9.63
11307,Ａ：農、林、漁、牧業,51474,1.45,13444717142,1.36
11307,Ｂ：礦業及土石採取業,28988,0.81,7768790799,0.79
11307,Ｃ：製造業,1349299,37.91,213442863666,21.61
11307,Ｄ：電力及燃氣供應業,27967,0.79,19256726831,1.95
11307,Ｅ：用水供應及污染整治業,20293,0.57,9029061858,0.91
11307,Ｆ：營建工程業,493351,13.86,106648537155,10.80
11307,Ｇ：批發及零售業,580989,16.32,97507179004,9.87
11307,Ｈ：運輸及倉儲業,194493,5.46,14626140417,1.48
11307,Ｉ：住宿及餐飲業,35595,1.00,3759496923,0.38
11307,Ｊ：出版影音及資通訊業,30279,0.85,4581708903,0.46
11307,Ｋ：金融及保險業,94565,2.66,325802371722,32.98
11307,Ｌ：不動產業,88067,2.47,33599158007,3.40
11307,Ｍ：專業、科學及技術服務業,250526,7.04,41657737526,4.22
11307,Ｎ：支援服務業,92638,2.60,16648319883,1.69
11307,Ｏ：公共行政及國防；強制性社會安全,255,0.01,13830652,0.00
11307,Ｐ：教育業,472,0.01,51823273,0.01
11307,Ｑ：醫療保健及社會工作服務業,83,0.00,4870344,0.00
11307,Ｒ：藝術、娛樂及休閒服務業,6540,0.18,833878917,0.08
11307,Ｓ：其他服務業,22721,0.64,2289271693,0.23
11307,Ｘ：不能歸類之行業,190430,5.37,76799387731,7.78
11308,Ａ：農、林、漁、牧業,33108,1.32,8637951306,1.04
11308,Ｂ：礦業及土石採取業,20121,0.80,6678740499,0.81
11308,Ｃ：製造業,859086,34.24,146757463713,17.73
11308,Ｄ：電力及燃氣供應業,21378,0.85,21832947366,2.64
11308,Ｅ：用水供應及污染整治業,12349,0.49,1506601226,0.18
11308,Ｆ：營建工程業,323521,12.90,78075892298,9.43
11308,Ｇ：批發及零售業,367452,14.65,73348452042,8.86
11308,Ｈ：運輸及倉儲業,177014,7.06,12415731679,1.50
11308,Ｉ：住宿及餐飲業,23250,0.93,2242569468,0.27
11308,Ｊ：出版影音及資通訊業,20840,0.83,3248201714,0.39
11308,Ｋ：金融及保險業,149939,5.98,326905545475,39.50
11308,Ｌ：不動產業,73897,2.95,31130182269,3.76
11308,Ｍ：專業、科學及技術服務業,162521,6.48,23891545192,2.89
11308,Ｎ：支援服務業,71984,2.87,11564195261,1.40
11308,Ｏ：公共行政及國防；強制性社會安全,84,0.00,4770098,0.00
11308,Ｐ：教育業,360,0.01,41919450,0.01
11308,Ｑ：醫療保健及社會工作服務業,38,0.00,1720916,0.00
11308,Ｒ：藝術、娛樂及休閒服務業,4615,0.18,609093990,0.07
11308,Ｓ：其他服務業,14445,0.58,1770677010,0.21
11308,Ｘ：不能歸類之行業,172847,6.88,76973804215,9.31
11309,Ａ：農、林、漁、牧業,49106,1.41,11273496109,1.20
11309,Ｂ：礦業及土石採取業,27166,0.78,7045424864,0.75
11309,Ｃ：製造業,1316625,37.68,205922837129,21.95
11309,Ｄ：電力及燃氣供應業,27842,0.80,19921626446,2.12
11309,Ｅ：用水供應及污染整治業,19084,0.55,2087402873,0.22
11309,Ｆ：營建工程業,473233,13.54,101314440537,10.80
11309,Ｇ：批發及零售業,559536,16.01,106106903672,11.31
11309,Ｈ：運輸及倉儲業,182117,5.21,16748698775,1.78
11309,Ｉ：住宿及餐飲業,34140,0.98,2918232393,0.31
11309,Ｊ：出版影音及資通訊業,32927,0.94,4703336615,0.50
11309,Ｋ：金融及保險業,128229,3.67,299458354153,31.91
11309,Ｌ：不動產業,84715,2.42,31269833491,3.33
11309,Ｍ：專業、科學及技術服務業,242876,6.95,35498236118,3.78
11309,Ｎ：支援服務業,86140,2.47,14368307005,1.53
11309,Ｏ：公共行政及國防；強制性社會安全,234,0.01,12103408,0.00
11309,Ｐ：教育業,488,0.01,70760284,0.01
11309,Ｑ：醫療保健及社會工作服務業,78,0.00,6014920,0.00
11309,Ｒ：藝術、娛樂及休閒服務業,6114,0.17,787213028,0.08
11309,Ｓ：其他服務業,21909,0.63,2418940913,0.26
11309,Ｘ：不能歸類之行業,201799,5.77,76373586701,8.16
11310,Ａ：農、林、漁、牧業,32391,1.38,8450151517,1.15
11310,Ｂ：礦業及土石採取業,18740,0.80,5065866418,0.69
11310,Ｃ：製造業,829252,35.35,137559631223,18.72
11310,Ｄ：電力及燃氣供應業,22204,0.95,18580642015,2.53
11310,Ｅ：用水供應及污染整治業,11826,0.50,1357519135,0.18
11310,Ｆ：營建工程業,312425,13.32,74810326996,10.18
11310,Ｇ：批發及零售業,350738,14.95,66316599882,9.03
11310,Ｈ：運輸及倉儲業,156829,6.68,11972138156,1.63
11310,Ｉ：住宿及餐飲業,22260,0.95,2046386243,0.28
11310,Ｊ：出版影音及資通訊業,21926,0.93,3214762600,0.44
11310,Ｋ：金融及保險業,101544,4.33,273170688450,37.18
11310,Ｌ：不動產業,69759,2.97,28560207914,3.89
11310,Ｍ：專業、科學及技術服務業,155402,6.62,22714881778,3.09
11310,Ｎ：支援服務業,68085,2.90,11506077531,1.57
11310,Ｏ：公共行政及國防；強制性社會安全,105,0.00,4461573,0.00
11310,Ｐ：教育業,359,0.02,46162183,0.01
11310,Ｑ：醫療保健及社會工作服務業,32,0.00,1760210,0.00
11310,Ｒ：藝術、娛樂及休閒服務業,4373,0.19,715431228,0.10
11310,Ｓ：其他服務業,13910,0.59,1638231645,0.22
11310,Ｘ：不能歸類之行業,153952,6.57,67054641911,9.11
11311,Ａ：農、林、漁、牧業,40613,1.43,9688721436,1.16
11311,Ｂ：礦業及土石採取業,22218,0.78,5912027212,0.71
11311,Ｃ：製造業,1053654,37.11,166292144670,19.98
11311,Ｄ：電力及燃氣供應業,27161,0.96,18757200132,2.25
11311,Ｅ：用水供應及污染整治業,15084,0.53,8352620211,1.00
11311,Ｆ：營建工程業,380893,13.41,81916473767,9.84
11311,Ｇ：批發及零售業,446876,15.74,75664754934,9.09
11311,Ｈ：運輸及倉儲業,174560,6.15,15438531194,1.85
11311,Ｉ：住宿及餐飲業,27380,0.96,2398957421,0.29
11311,Ｊ：出版影音及資通訊業,24437,0.86,3729552265,0.45
11311,Ｋ：金融及保險業,87736,3.09,299348061437,35.96
11311,Ｌ：不動產業,75665,2.66,27586451527,3.31
11311,Ｍ：專業、科學及技術服務業,194697,6.86,28004491920,3.36
11311,Ｎ：支援服務業,77226,2.72,12847295062,1.54
11311,Ｏ：公共行政及國防；強制性社會安全,152,0.01,8197005,0.00
11311,Ｐ：教育業,363,0.01,54059162,0.01
11311,Ｑ：醫療保健及社會工作服務業,49,0.00,2146668,0.00
11311,Ｒ：藝術、娛樂及休閒服務業,5850,0.21,736875710,0.09
11311,Ｓ：其他服務業,17458,0.61,1807360558,0.22
11311,Ｘ：不能歸類之行業,167454,5.90,73842483545,8.89
11312,Ａ：農、林、漁、牧業,52050,1.48,12335084650,1.28
11312,Ｂ：礦業及土石採取業,28476,0.81,7576051620,0.79
11312,Ｃ：製造業,1331763,37.82,213407194284,22.18
11312,Ｄ：電力及燃氣供應業,31026,0.88,20461477339,2.13
11312,Ｅ：用水供應及污染整治業,19695,0.56,2764952739,0.29
11312,Ｆ：營建工程業,490944,13.94,105952649499,11.01
11312,Ｇ：批發及零售業,563504,16.00,92521303555,9.62
11312,Ｈ：運輸及倉儲業,192380,5.46,14405268185,1.50
11312,Ｉ：住宿及餐飲業,35257,1.00,3226266948,0.34
11312,Ｊ：出版影音及資通訊業,30594,0.87,4914628537,0.51
11312,Ｋ：金融及保險業,94876,2.69,316485738977,32.89
11312,Ｌ：不動產業,86969,2.47,34130392742,3.55
11312,Ｍ：專業、科學及技術服務業,247654,7.03,36462087932,3.79
11312,Ｎ：支援服務業,90465,2.57,14441528877,1.50
11312,Ｏ：公共行政及國防；強制性社會安全,213,0.01,11653600,0.00
11312,Ｐ：教育業,480,0.01,60734533,0.01
11312,Ｑ：醫療保健及社會工作服務業,68,0.00,3180890,0.00
11312,Ｒ：藝術、娛樂及休閒服務業,6602,0.19,828377238,0.09
11312,Ｓ：其他服務業,22304,0.63,2152825195,0.22
11312,Ｘ：不能歸類之行業,195618,5.58,80087087588,8.30
11401,Ａ：農、林、漁、牧業,29954,1.38,8662949510,1.20
11401,Ｂ：礦業及土石採取業,16867,0.78,4954785586,0.68
11401,Ｃ：製造業,773286,35.68,147455013745,20.35
11401,Ｄ：電力及燃氣供應業,19551,0.90,12479720015,1.72
11401,Ｅ：用水供應及污染整治業,11403,0.53,8078616290,1.11
11401,Ｆ：營建工程業,304757,14.06,74200964998,10.24
11401,Ｇ：批發及零售業,330134,15.23,62465069735,8.62
11401,Ｈ：運輸及倉儲業,144049,6.65,11460399371,1.58
11401,Ｉ：住宿及餐飲業,19985,0.92,2533822351,0.35
11401,Ｊ：出版影音及資通訊業,18173,0.84,3309236958,0.46
11401,Ｋ：金融及保險業,74110,3.42,255082331372,35.20
11401,Ｌ：不動產業,70656,3.26,26345452742,3.64
11401,Ｍ：專業、科學及技術服務業,144411,6.66,23038695004,3.18
11401,Ｎ：支援服務業,62463,2.88,11326609114,1.56
11401,Ｏ：公共行政及國防；強制性社會安全,70,0.00,4706646,0.00
11401,Ｐ：教育業,266,0.01,42735755,0.01
11401,Ｑ：醫療保健及社會工作服務業,29,0.00,1606153,0.00
11401,Ｒ：藝術、娛樂及休閒服務業,3900,0.18,456027563,0.06
11401,Ｓ：其他服務業,12615,0.58,1503459356,0.21
11401,Ｘ：不能歸類之行業,130764,6.04,71320386671,9.83
11402,Ａ：農、林、漁、牧業,41668,1.51,9763695065,1.21
11402,Ｂ：礦業及土石採取業,23481,0.85,6782236569,0.84
11402,Ｃ：製造業,1051289,38.10,161254903263,19.97
11402,Ｄ：電力及燃氣供應業,23853,0.86,20409272910,2.53
11402,Ｅ：用水供應及污染整治業,14995,0.54,1715358980,0.21
11402,Ｆ：營建工程業,377102,13.67,82492035798,10.22
11402,Ｇ：批發及零售業,440294,15.96,81846956623,10.14
11402,Ｈ：運輸及倉儲業,155251,5.63,13326487173,1.65
11402,Ｉ：住宿及餐飲業,28620,1.04,2674272029,0.33
11402,Ｊ：出版影音及資通訊業,23501,0.85,3605513923,0.45
11402,Ｋ：金融及保險業,71944,2.61,289426312185,35.85
11402,Ｌ：不動產業,69578,2.52,23776266975,2.94
11402,Ｍ：專業、科學及技術服務業,191470,6.94,28189929882,3.49
11402,Ｎ：支援服務業,70309,2.55,11711385634,1.45
11402,Ｏ：公共行政及國防；強制性社會安全,139,0.01,7009102,0.00
11402,Ｐ：教育業,355,0.01,56659066,0.01
11402,Ｑ：醫療保健及社會工作服務業,34,0.00,1484224,0.00
11402,Ｒ：藝術、娛樂及休閒服務業,5159,0.19,684600279,0.08
11402,Ｓ：其他服務業,17419,0.63,1738450120,0.22
11402,Ｘ：不能歸類之行業,152537,5.53,67948915952,8.41
11403,Ａ：農、林、漁、牧業,51423,1.51,12045923355,1.28
11403,Ｂ：礦業及土石採取業,28141,0.83,7940015344,0.84
11403,Ｃ：製造業,1316737,38.62,202327613883,21.50
11403,Ｄ：電力及燃氣供應業,28733,0.84,20186479550,2.15
11403,Ｅ：用水供應及污染整治業,19027,0.56,2218681296,0.24
11403,Ｆ：營建工程業,467079,13.70,101336890131,10.77
11403,Ｇ：批發及零售業,553491,16.24,95244718212,10.12
11403,Ｈ：運輸及倉儲業,188309,5.52,15744097226,1.67
11403,Ｉ：住宿及餐飲業,35850,1.05,3216093245,0.34
11403,Ｊ：出版影音及資通訊業,27996,0.82,4888521744,0.52
11403,Ｋ：金融及保險業,78329,2.30,306210506980,32.54
11403,Ｌ：不動產業,80788,2.37,30237476666,3.21
11403,Ｍ：專業、科學及技術服務業,239548,7.03,38324621603,4.07
11403,Ｎ：支援服務業,88206,2.59,14680718063,1.56
11403,Ｏ：公共行政及國防；強制性社會安全,139,0.00,6931370,0.00
11403,Ｐ：教育業,449,0.01,66050917,0.01
11403,Ｑ：醫療保健及社會工作服務業,50,0.00,3424168,0.00
11403,Ｒ：藝術、娛樂及休閒服務業,6539,0.19,906665130,0.10
11403,Ｓ：其他服務業,22639,0.66,2268774054,0.24
11403,Ｘ：不能歸類之行業,175722,5.16,83030629689,8.84
11404,Ａ：農、林、漁、牧業,38868,1.47,9724272212,1.17
11404,Ｂ：礦業及土石採取業,21349,0.81,6160838334,0.74
11404,Ｃ：製造業,987681,37.44,177903691781,21.48
11404,Ｄ：電力及燃氣供應業,22432,0.85,16545484431,2.00
11404,Ｅ：用水供應及污染整治業,14097,0.53,8619590482,1.04
11404,Ｆ：營建工程業,357189,13.54,81222277240,9.81
11404,Ｇ：批發及零售業,414896,15.73,69175522439,8.35
11404,Ｈ：運輸及倉儲業,168873,6.40,12801292405,1.55
11404,Ｉ：住宿及餐飲業,26023,0.99,2412713478,0.29
11404,Ｊ：出版影音及資通訊業,21836,0.83,3520601518,0.43
11404,Ｋ：金融及保險業,71581,2.71,298079534113,35.99
11404,Ｌ：不動產業,69305,2.63,25467346323,3.07
11404,Ｍ：專業、科學及技術服務業,180369,6.84,28046619504,3.39
11404,Ｎ：支援服務業,72597,2.75,12506448452,1.51
11404,Ｏ：公共行政及國防；強制性社會安全,82,0.00,4196446,0.00
11404,Ｐ：教育業,314,0.01,48796908,0.01
11404,Ｑ：醫療保健及社會工作服務業,43,0.00,1779841,0.00
11404,Ｒ：藝術、娛樂及休閒服務業,4902,0.19,571212799,0.07
11404,Ｓ：其他服務業,16621,0.63,1659306269,0.20
11404,Ｘ：不能歸類之行業,148676,5.65,73863094179,8.90
11405,Ａ：農、林、漁、牧業,31020,1.45,7453486022,1.02
11405,Ｂ：礦業及土石採取業,17186,0.81,5432709093,0.74
11405,Ｃ：製造業,762911,35.75,132777175715,18.19
11405,Ｄ：電力及燃氣供應業,17977,0.84,17304552311,2.37
11405,Ｅ：用水供應及污染整治業,10820,0.51,1301317766,0.18
11405,Ｆ：營建工程業,283833,13.30,68697472759,9.41
11405,Ｇ：批發及零售業,320997,15.04,57483489405,7.87
11405,Ｈ：運輸及倉儲業,153894,7.21,11780991613,1.61
11405,Ｉ：住宿及餐飲業,20526,0.96,1945944809,0.27
11405,Ｊ：出版影音及資通訊業,17118,0.80,2759814952,0.38
11405,Ｋ：金融及保險業,72840,3.41,295465886770,40.47
11405,Ｌ：不動產業,65664,3.08,23201300281,3.18
11405,Ｍ：專業、科學及技術服務業,141397,6.63,21666116605,2.97
11405,Ｎ：支援服務業,63606,2.98,11865949628,1.63
11405,Ｏ：公共行政及國防；強制性社會安全,53,0.00,3629174,0.00
11405,Ｐ：教育業,262,0.01,42677745,0.01
11405,Ｑ：醫療保健及社會工作服務業,23,0.00,1517182,0.00
11405,Ｒ：藝術、娛樂及休閒服務業,4025,0.19,469893456,0.06
11405,Ｓ：其他服務業,12446,0.58,1550081396,0.21
11405,Ｘ：不能歸類之行業,137687,6.45,68816966443,9.43
11406,Ａ：農、林、漁、牧業,49975,1.51,12468445483,1.34
11406,Ｂ：礦業及土石採取業,27353,0.83,8301965861,0.89
11406,Ｃ：製造業,1258806,38.11,197852600290,21.26
11406,Ｄ：電力及燃氣供應業,27989,0.85,20552315032,2.21
11406,Ｅ：用水供應及污染整治業,17943,0.54,2132097574,0.23
11406,Ｆ：營建工程業,462664,14.01,103468697921,11.12
11406,Ｇ：批發及零售業,529091,16.02,86555587196,9.30
11406,Ｈ：運輸及倉儲業,182052,5.51,14497286309,1.56
11406,Ｉ：住宿及餐飲業,33232,1.01,3131379774,0.34
11406,Ｊ：出版影音及資通訊業,26653,0.81,4550609334,0.49
11406,Ｋ：金融及保險業,77551,2.35,315390131387,33.88
11406,Ｌ：不動產業,80929,2.45,30454131488,3.27
11406,Ｍ：專業、科學及技術服務業,229716,6.95,36191510386,3.89
11406,Ｎ：支援服務業,87139,2.64,15063416905,1.62
11406,Ｏ：公共行政及國防；強制性社會安全,154,0.00,7377756,0.00
11406,Ｐ：教育業,342,0.01,40049981,0.00
11406,Ｑ：醫療保健及社會工作服務業,46,0.00,1798599,0.00
11406,Ｒ：藝術、娛樂及休閒服務業,6092,0.18,816700845,0.09
11406,Ｓ：其他服務業,21405,0.65,2128086650,0.23
11406,Ｘ：不能歸類之行業,184264,5.57,77185119040,8.28
11407,Ａ：農、林、漁、牧業,41667,1.46,10027853327,1.08
11407,Ｂ：礦業及土石採取業,23605,0.83,6703938664,0.72
11407,Ｃ：製造業,1052110,36.83,181191709600,19.47
11407,Ｄ：電力及燃氣供應業,24362,0.85,19942455065,2.14
11407,Ｅ：用水供應及污染整治業,14990,0.52,8548196279,0.92
11407,Ｆ：營建工程業,391714,13.71,88304680806,9.49
11407,Ｇ：批發及零售業,439631,15.39,80713862674,8.67
11407,Ｈ：運輸及倉儲業,178505,6.25,13338488329,1.43
11407,Ｉ：住宿及餐飲業,28053,0.98,2446518980,0.26
11407,Ｊ：出版影音及資通訊業,22682,0.79,3712700919,0.40
11407,Ｋ：金融及保險業,103269,3.61,359412023289,38.62
11407,Ｌ：不動產業,76362,2.67,29947109576,3.22
11407,Ｍ：專業、科學及技術服務業,192562,6.74,35788387323,3.85
11407,Ｎ：支援服務業,77422,2.71,13624157371,1.46
11407,Ｏ：公共行政及國防；強制性社會安全,84,0.00,9469417,0.00
11407,Ｐ：教育業,335,0.01,47555195,0.01
11407,Ｑ：醫療保健及社會工作服務業,44,0.00,2424100,0.00
11407,Ｒ：藝術、娛樂及休閒服務業,5282,0.18,694854091,0.07
11407,Ｓ：其他服務業,17626,0.62,1737476357,0.19
11407,Ｘ：不能歸類之行業,166634,5.85,74398156653,8.00
11408,Ａ：農、林、漁、牧業,29991,1.37,8128490043,1.09
11408,Ｂ：礦業及土石採取業,17593,0.81,5020037855,0.67
11408,Ｃ：製造業,757213,34.71,128897749087,17.30
11408,Ｄ：電力及燃氣供應業,19462,0.89,20151774996,2.70
11408,Ｅ：用水供應及污染整治業,10303,0.47,1308522690,0.18
11408,Ｆ：營建工程業,277684,12.73,67210989084,9.02
11408,Ｇ：批發及零售業,312419,14.32,55748344408,7.48
11408,Ｈ：運輸及倉儲業,150329,6.89,10538811388,1.41
11408,Ｉ：住宿及餐飲業,19519,0.89,1880924246,0.25
11408,Ｊ：出版影音及資通訊業,20490,0.94,2782624884,0.37
11408,Ｋ：金融及保險業,143621,6.58,316846237768,42.53
11408,Ｌ：不動產業,63602,2.92,26002549274,3.49
11408,Ｍ：專業、科學及技術服務業,138350,6.34,21674371186,2.91
11408,Ｎ：支援服務業,61654,2.83,10406640400,1.40
11408,Ｏ：公共行政及國防；強制性社會安全,43,0.00,3110261,0.00
11408,Ｐ：教育業,240,0.01,27231751,0.00
11408,Ｑ：醫療保健及社會工作服務業,23,0.00,2208292,0.00
11408,Ｒ：藝術、娛樂及休閒服務業,4319,0.20,493837177,0.07
11408,Ｓ：其他服務業,12310,0.56,1405958702,0.19
11408,Ｘ：不能歸類之行業,142482,6.54,66519763551,8.94
11409,Ａ：農、林、漁、牧業,49170,1.47,11451057709,1.24
11409,Ｂ：礦業及土石採取業,27347,0.82,7163102647,0.77
11409,Ｃ：製造業,1272050,38.03,195248123118,21.11
11409,Ｄ：電力及燃氣供應業,28182,0.84,21269117500,2.30
11409,Ｅ：用水供應及污染整治業,18299,0.55,2186365031,0.24
11409,Ｆ：營建工程業,462649,13.83,101069979183,10.93
11409,Ｇ：批發及零售業,522725,15.63,86902901741,9.40
11409,Ｈ：運輸及倉儲業,173071,5.17,14230043614,1.54
11409,Ｉ：住宿及餐飲業,32436,0.97,2931345590,0.32
11409,Ｊ：出版影音及資通訊業,27193,0.81,4446353400,0.48
11409,Ｋ：金融及保險業,124965,3.74,323519138129,34.98
11409,Ｌ：不動產業,78777,2.35,26713604075,2.89
11409,Ｍ：專業、科學及技術服務業,228279,6.82,35537581149,3.84
11409,Ｎ：支援服務業,84332,2.52,14004267719,1.51
11409,Ｏ：公共行政及國防；強制性社會安全,151,0.00,8775280,0.00
11409,Ｐ：教育業,377,0.01,53403080,0.01
11409,Ｑ：醫療保健及社會工作服務業,52,0.00,3099312,0.00
11409,Ｒ：藝術、娛樂及休閒服務業,6096,0.18,659116599,0.07
11409,Ｓ：其他服務業,21060,0.63,1986981437,0.21
11409,Ｘ：不能歸類之行業,188008,5.63,75510573419,8.16
11410,Ａ：農、林、漁、牧業,41662,1.49,11121642636,1.33
11410,Ｂ：礦業及土石採取業,23469,0.84,6479074566,0.78
11410,Ｃ：製造業,1028536,36.78,163965516135,19.67
11410,Ｄ：電力及燃氣供應業,27866,1.00,21994946295,2.64
11410,Ｅ：用水供應及污染整治業,14484,0.52,8385941510,1.01
11410,Ｆ：營建工程業,382621,13.68,85896829729,10.30
11410,Ｇ：批發及零售業,425426,15.21,70687758283,8.48
11410,Ｈ：運輸及倉儲業,166580,5.96,12102688161,1.45
11410,Ｉ：住宿及餐飲業,27393,0.98,2389863264,0.29
11410,Ｊ：出版影音及資通訊業,23395,0.84,3482619253,0.42
11410,Ｋ：金融及保險業,102878,3.68,302194113588,36.25
11410,Ｌ：不動產業,71694,2.56,26601270027,3.19
11410,Ｍ：專業、科學及技術服務業,186701,6.68,28012821728,3.36
11410,Ｎ：支援服務業,79352,2.84,13403913630,1.61
11410,Ｏ：公共行政及國防；強制性社會安全,91,0.00,3880238,0.00
11410,Ｐ：教育業,327,0.01,38963604,0.00
11410,Ｑ：醫療保健及社會工作服務業,36,0.00,3137722,0.00
11410,Ｒ：藝術、娛樂及休閒服務業,5530,0.20,850462672,0.10
11410,Ｓ：其他服務業,16790,0.60,1720155513,0.21
11410,Ｘ：不能歸類之行業,171406,6.13,74333692027,8.91
11411,Ａ：農、林、漁、牧業,29926,1.44,7549758698,1.06
11411,Ｂ：礦業及土石採取業,17007,0.82,4934986923,0.69
11411,Ｃ：製造業,751461,36.20,120041612608,16.86
11411,Ｄ：電力及燃氣供應業,20792,1.00,17464275168,2.45
11411,Ｅ：用水供應及污染整治業,10401,0.50,1362830391,0.19
11411,Ｆ：營建工程業,274673,13.23,67454841415,9.47
11411,Ｇ：批發及零售業,307870,14.83,56805690335,7.98
11411,Ｈ：運輸及倉儲業,139369,6.71,10074885600,1.41
11411,Ｉ：住宿及餐飲業,19072,0.92,2134938015,0.30
11411,Ｊ：出版影音及資通訊業,17197,0.83,2419693561,0.34
11411,Ｋ：金融及保險業,81491,3.93,300869083766,42.25
11411,Ｌ：不動產業,59209,2.85,21241054297,2.98
11411,Ｍ：專業、科學及技術服務業,135961,6.55,19973386439,2.80
11411,Ｎ：支援服務業,61907,2.98,11064970510,1.55
11411,Ｏ：公共行政及國防；強制性社會安全,28,0.00,1798414,0.00
11411,Ｐ：教育業,274,0.01,37079943,0.01
11411,Ｑ：醫療保健及社會工作服務業,26,0.00,2327335,0.00
11411,Ｒ：藝術、娛樂及休閒服務業,4623,0.22,482167958,0.07
11411,Ｓ：其他服務業,11981,0.58,1440013354,0.20
11411,Ｘ：不能歸類之行業,132849,6.40,66728829249,9.39
11412,Ａ：農、林、漁、牧業,50496,1.54,12061687255,1.26
11412,Ｂ：礦業及土石採取業,27418,0.84,8022140890,0.84
11412,Ｃ：製造業,1248663,38.08,206235947010,21.61
11412,Ｄ：電力及燃氣供應業,29960,0.91,19800003918,2.08
11412,Ｅ：用水供應及污染整治業,18004,0.55,3336251544,0.35
11412,Ｆ：營建工程業,460914,14.06,101563144459,10.64
11412,Ｇ：批發及零售業,511694,15.61,83090349841,8.71
11412,Ｈ：運輸及倉儲業,180418,5.50,14230863450,1.49
11412,Ｉ：住宿及餐飲業,32772,1.00,2814439900,0.29
11412,Ｊ：出版影音及資通訊業,26927,0.82,4572240678,0.48
11412,Ｋ：金融及保險業,93731,2.86,328115122180,34.39
11412,Ｌ：不動產業,78936,2.41,31218624366,3.27
11412,Ｍ：專業、科學及技術服務業,226487,6.91,35739869543,3.75
11412,Ｎ：支援服務業,85280,2.60,14453003292,1.51
11412,Ｏ：公共行政及國防；強制性社會安全,98,0.00,6136563,0.00
11412,Ｐ：教育業,404,0.01,47334964,0.00
11412,Ｑ：醫療保健及社會工作服務業,39,0.00,1698288,0.00
11412,Ｒ：藝術、娛樂及休閒服務業,6990,0.21,777830428,0.08
11412,Ｓ：其他服務業,20975,0.64,2219748072,0.23
11412,Ｘ：不能歸類之行業,178554,5.45,85856929112,9.02
11501,Ａ：農、林、漁、牧業,32764,1.46,9848498432,1.23
11501,Ｂ：礦業及土石採取業,18954,0.85,5818924422,0.73
11501,Ｃ：製造業,796385,35.57,147735208737,18.41
11501,Ｄ：電力及燃氣供應業,22558,1.01,18039409476,2.25
11501,Ｅ：用水供應及污染整治業,11255,0.50,9111788512,1.14
11501,Ｆ：營建工程業,308708,13.79,75448206672,9.40
11501,Ｇ：批發及零售業,327241,14.62,59380409797,7.40
11501,Ｈ：運輸及倉儲業,158909,7.10,12919506220,1.61
11501,Ｉ：住宿及餐飲業,21307,0.95,2286808633,0.29
11501,Ｊ：出版及影音等內容傳播業,6126,0.27,807991873,0.10
11501,Ｋ：電信及資訊服務業,11577,0.52,1928420084,0.24
11501,Ｌ：金融及保險業,83684,3.74,314706254818,39.23
11501,Ｍ：不動產業,65134,2.91,23293542878,2.90
11501,Ｎ：專業、科學及技術服務業,147253,6.58,22811028482,2.84
11501,Ｏ：支援服務業,73163,3.27,12859852879,1.60
11501,Ｐ：公共行政及國防；強制性社會安全,38,0.00,3128258,0.00
11501,Ｑ：教育業,282,0.01,42703609,0.01
11501,Ｒ：醫療保健及社會工作服務業,20,0.00,2301712,0.00
11501,Ｓ：藝術、運動及休閒服務業,5133,0.23,574989538,0.07
11501,Ｔ：其他服務業,13244,0.59,1657051268,0.21
11501,Ｘ：不能歸類之行業,135301,6.03,83009241112,10.34
11502,Ａ：農、林、漁、牧業,36323,1.55,8983031049,1.37
11502,Ｂ：礦業及土石採取業,19869,0.85,5732792380,0.88
11502,Ｃ：製造業,900281,38.45,137985979708,21.07
11502,Ｄ：電力及燃氣供應業,21179,0.90,12678316562,1.94
11502,Ｅ：用水供應及污染整治業,12717,0.54,1592472184,0.24
11502,Ｆ：營建工程業,332638,14.20,74755406121,11.41
11502,Ｇ：批發及零售業,370610,15.83,60890052389,9.30
11502,Ｈ：運輸及倉儲業,124687,5.32,10359913676,1.58
11502,Ｉ：住宿及餐飲業,22703,0.97,2098967416,0.32
11502,Ｊ：出版及影音等內容傳播業,6590,0.28,1028788584,0.16
11502,Ｋ：電信及資訊服務業,13051,0.56,1929089603,0.29
11502,Ｌ：金融及保險業,57300,2.45,214659667189,32.77
11502,Ｍ：不動產業,61313,2.62,20621051527,3.15
11502,Ｎ：專業、科學及技術服務業,161266,6.89,25056930356,3.83
11502,Ｏ：支援服務業,62678,2.68,11899273086,1.82
11502,Ｐ：公共行政及國防；強制性社會安全,50,0.00,2808093,0.00
11502,Ｑ：教育業,260,0.01,36599239,0.01
11502,Ｒ：醫療保健及社會工作服務業,28,0.00,11634287,0.00
11502,Ｓ：藝術、運動及休閒服務業,5178,0.22,613178497,0.09
11502,Ｔ：其他服務業,15123,0.65,1523798035,0.23
11502,Ｘ：不能歸類之行業,117880,5.03,62531343571,9.54
11503,Ａ：農、林、漁、牧業,51350,1.59,12433752070,1.32
11503,Ｂ：礦業及土石採取業,27657,0.85,8038562658,0.85
11503,Ｃ：製造業,1265006,39.10,191826351516,20.37
11503,Ｄ：電力及燃氣供應業,28816,0.89,21641158404,2.30
11503,Ｅ：用水供應及污染整治業,17689,0.55,2248552797,0.24
11503,Ｆ：營建工程業,439680,13.59,96941254542,10.29
11503,Ｇ：批發及零售業,515179,15.92,84646809704,8.99
11503,Ｈ：運輸及倉儲業,173248,5.35,14977839352,1.59
11503,Ｉ：住宿及餐飲業,33898,1.05,3103778194,0.33
11503,Ｊ：出版及影音等內容傳播業,7985,0.25,1617577189,0.17
11503,Ｋ：電信及資訊服務業,17188,0.53,2431403166,0.26
11503,Ｌ：金融及保險業,81742,2.53,331984625848,35.25
11503,Ｍ：不動產業,71142,2.20,24489663098,2.60
11503,Ｎ：專業、科學及技術服務業,223161,6.90,35415984601,3.76
11503,Ｏ：支援服務業,87415,2.70,16267887006,1.73
11503,Ｐ：公共行政及國防；強制性社會安全,85,0.00,4668900,0.00
11503,Ｑ：教育業,363,0.01,46487385,0.00
11503,Ｒ：醫療保健及社會工作服務業,48,0.00,4207185,0.00
11503,Ｓ：藝術、運動及休閒服務業,6989,0.22,863625030,0.09
11503,Ｔ：其他服務業,21100,0.65,2150615112,0.23
11503,Ｘ：不能歸類之行業,165556,5.12,90677163175,9.63
11504,Ａ：農、林、漁、牧業,37714,1.55,10786700409,1.34
11504,Ｂ：礦業及土石採取業,19949,0.82,5883601770,0.73
11504,Ｃ：製造業,914230,37.60,159025813941,19.75
11504,Ｄ：電力及燃氣供應業,21924,0.90,18337675435,2.28
11504,Ｅ：用水供應及污染整治業,12664,0.52,9005015542,1.12
11504,Ｆ：營建工程業,321669,13.23,72887964405,9.05
11504,Ｇ：批發及零售業,370931,15.26,65051322595,8.08
11504,Ｈ：運輸及倉儲業,156377,6.43,11892238970,1.48
11504,Ｉ：住宿及餐飲業,24199,1.00,2288608698,0.28
11504,Ｊ：出版及影音等內容傳播業,6536,0.27,996544815,0.12
11504,Ｋ：電信及資訊服務業,12960,0.53,1982607551,0.25
11504,Ｌ：金融及保險業,75738,3.12,299491150622,37.20
11504,Ｍ：不動產業,60139,2.47,22264740385,2.77
11504,Ｎ：專業、科學及技術服務業,164771,6.78,25969108664,3.23
11504,Ｏ：支援服務業,72661,2.99,13083920619,1.63
11504,Ｐ：公共行政及國防；強制性社會安全,41,0.00,5530021,0.00
11504,Ｑ：教育業,295,0.01,34385194,0.00
11504,Ｒ：醫療保健及社會工作服務業,34,0.00,2021175,0.00
11504,Ｓ：藝術、運動及休閒服務業,4907,0.20,649434181,0.08
11504,Ｔ：其他服務業,15575,0.64,1769529662,0.22
11504,Ｘ：不能歸類之行業,137935,5.68,83723748711,10.39
11505,Ａ：農、林、漁、牧業,29537,1.48,7669764133,1.04
11505,Ｂ：礦業及土石採取業,16038,0.81,5912669829,0.80
11505,Ｃ：製造業,718803,36.09,123891678096,16.75
11505,Ｄ：電力及燃氣供應業,17974,0.90,17761430158,2.40
11505,Ｅ：用水供應及污染整治業,9826,0.49,1302255902,0.18
11505,Ｆ：營建工程業,257829,12.94,64346844387,8.70
11505,Ｇ：批發及零售業,293404,14.73,61233216050,8.28
11505,Ｈ：運輸及倉儲業,143531,7.21,11049443545,1.49
11505,Ｉ：住宿及餐飲業,18598,0.93,1946446084,0.26
11505,Ｊ：出版及影音等內容傳播業,5173,0.26,632848314,0.09
11505,Ｋ：電信及資訊服務業,10195,0.51,1771389019,0.24
11505,Ｌ：金融及保險業,74506,3.74,303780785916,41.07
11505,Ｍ：不動產業,55434,2.78,19967168209,2.70
11505,Ｎ：專業、科學及技術服務業,129767,6.51,21182685735,2.86
11505,Ｏ：支援服務業,63260,3.18,11815142776,1.60
11505,Ｐ：公共行政及國防；強制性社會安全,16,0.00,1159627,0.00
11505,Ｑ：教育業,239,0.01,34680979,0.00
11505,Ｒ：醫療保健及社會工作服務業,20,0.00,1498991,0.00
11505,Ｓ：藝術、運動及休閒服務業,3910,0.20,510070245,0.07
11505,Ｔ：其他服務業,11812,0.59,1334700444,0.18
11505,Ｘ：不能歸類之行業,132038,6.64,83573854716,11.29
11506,Ａ：農、林、漁、牧業,47786,1.59,12803951199,1.38
11506,Ｂ：礦業及土石採取業,24841,0.83,7269656615,0.79
11506,Ｃ：製造業,1155930,38.51,193496279964,20.89
11506,Ｄ：電力及燃氣供應業,26744,0.89,19466573645,2.10
11506,Ｅ：用水供應及污染整治業,15936,0.53,2114454531,0.23
11506,Ｆ：營建工程業,417253,13.90,97116725007,10.49
11506,Ｇ：批發及零售業,472804,15.75,81008986048,8.75
11506,Ｈ：運輸及倉儲業,165327,5.51,15201441094,1.64
11506,Ｉ：住宿及餐飲業,29718,0.99,2784214312,0.30
11506,Ｊ：出版及影音等內容傳播業,7728,0.26,1244494307,0.13
11506,Ｋ：電信及資訊服務業,15971,0.53,2766191312,0.30
11506,Ｌ：金融及保險業,71877,2.39,314910982869,34.01
11506,Ｍ：不動產業,68711,2.29,24190602033,2.61
11506,Ｎ：專業、科學及技術服務業,206419,6.88,34928421377,3.77
11506,Ｏ：支援服務業,81648,2.72,14158042490,1.53
11506,Ｐ：公共行政及國防；強制性社會安全,46,0.00,3664575,0.00
11506,Ｑ：教育業,346,0.01,48609042,0.01
11506,Ｒ：醫療保健及社會工作服務業,56,0.00,5464389,0.00
11506,Ｓ：藝術、運動及休閒服務業,5724,0.19,823404192,0.09
11506,Ｔ：其他服務業,19532,0.65,1906092431,0.21
11506,Ｘ：不能歸類之行業,167496,5.58,99803247234,10.77


